<?xml version="1.0" encoding="UTF-8"?>
<metadata xml:lang="en"><Esri><CreaDate>20150824</CreaDate><CreaTime>14105700</CreaTime><ArcGISFormat>1.0</ArcGISFormat><SyncOnce>TRUE</SyncOnce><DataProperties><itemProps><itemLocation><linkage Sync="TRUE">file://\\EPRETORIUS\C$\Old data\Erika Practical Projects\Project4_Sem1_2011\Feta project data\Feta90mDem1.tif</linkage><protocol Sync="TRUE">Local Area Network</protocol></itemLocation></itemProps><copyHistory><copy source="C:\Old data\Erika Practical Projects\Project4_Sem1_2011\Feta90mDem1.tif" dest="\\EPRETORIUS\C$\Old data\Erika Practical Projects\Project4_Sem1_2011\Feta project data\Feta90mDem1.tif" date="20150824" time="14105700"></copy></copyHistory></DataProperties></Esri></metadata>
